Date,Close,Return
2021-01-01,1084.6500244140625,
2021-01-04,1084.72998046875,0.007371599399608186
2021-01-05,1086.6199951171875,0.1742382604397852
2021-01-06,1086.449951171875,-0.01564888793474939
2021-01-07,1086.949951171875,0.04602144806216124
2021-01-08,1093.0699462890625,0.563042954331916
2021-01-11,1092.8199462890625,-0.02287136343367413
2021-01-12,1096.449951171875,0.33216861525442454
2021-01-13,1093.5400390625,-0.2653939750067891
2021-01-14,1097.1099853515625,0.3264577575159411
2021-01-15,1094.9000244140625,-0.20143476652360048
2021-01-18,1102.9599609375,0.7361344728940677
2021-01-19,1103.0999755859375,0.012694445256067333
2021-01-20,1100.989990234375,-0.19127779877265993
2021-01-21,1096.25,-0.43052073828263593
2021-01-22,1099.9000244140625,0.3329554767673937
2021-01-25,1104.6400146484375,0.4309473705939926
2021-01-26,1101.72998046875,-0.26343733171875217
2021-01-27,1101.0,-0.06625765674811435
2021-01-28,1107.5,0.5903723887375145
2021-01-29,1112.2900390625,0.43250917042889636
2021-02-01,1117.4300537109375,0.4621110023397934
2021-02-02,1116.8800048828125,-0.049224452689300424
2021-02-03,1113.6099853515625,-0.29278163428068105
2021-02-04,1113.1500244140625,-0.04130359313856413
2021-02-05,1119.1300048828125,0.5372124455459426
2021-02-08,1116.8499755859375,-0.2037322998156732
2021-02-09,1116.3299560546875,-0.04656126987666598
2021-02-10,1110.0,-0.5670327146875764
2021-02-11,1103.97998046875,-0.542344101914416
2021-02-12,1102.219970703125,-0.15942406536010312
2021-02-15,1103.3699951171875,0.10433710553519049
2021-02-16,1102.239990234375,-0.10241395794821084
2021-02-17,1106.4599609375,0.3828540735695496
2021-02-18,1104.550048828125,-0.17261466088268618
2021-02-19,1106.219970703125,0.15118571374577172
2021-02-22,1103.93994140625,-0.2061099381008069
2021-02-23,1110.6700439453125,0.6096439024109834
2021-02-24,1109.31005859375,-0.1224472883712191
2021-02-25,1107.2099609375,-0.1893156597635337
2021-02-26,1119.1300048828125,1.0765838789256854
2021-03-01,1123.3699951171875,0.37886485179341456
2021-03-02,1101.8299560546875,-1.917448316772341
2021-03-03,1124.3299560546875,2.0420573861111624
2021-03-04,1129.5,0.4598333360657181
2021-03-05,1133.3499755859375,0.3408566255810097
2021-03-08,1127.489990234375,-0.5170499384828497
2021-03-09,1140.22998046875,1.1299426464732143
2021-03-10,1134.9100341796875,-0.46656783106820976
2021-03-11,1136.010009765625,0.09692183105356467
2021-03-12,1129.6400146484375,-0.5607340659350091
2021-03-15,1134.5,0.43022425627115
2021-03-16,1131.3900146484375,-0.2741282813188639
2021-03-17,1129.8399658203125,-0.1370039339269491
2021-03-18,1121.1300048828125,-0.7709021809275574
2021-03-19,1126.1099853515625,0.44419295238382617
2021-03-22,1127.47998046875,0.12165731012143688
2021-03-23,1125.1199951171875,-0.2093150559162371
2021-03-24,1133.199951171875,0.7181417173059756
2021-03-25,1134.47998046875,0.11295705542091472
2021-03-26,1134.2099609375,-0.023801171981763236
2021-03-29,1127.9599609375,-0.551044358209829
2021-03-30,1131.6500244140625,0.3271448991412296
2021-03-31,1132.3199462890625,0.0591986798521793
2021-04-01,1127.199951171875,-0.4521685883894566
2021-04-02,1128.06005859375,0.07630477813460601
2021-04-05,1128.7900390625,0.06471113511987703
2021-04-06,1124.1099853515625,-0.41460799165311535
2021-04-07,1117.5,-0.5880194498490532
2021-04-08,1117.8599853515625,0.03221345427852906
2021-04-09,1115.8399658203125,-0.1807041631081141
2021-04-12,1122.06005859375,0.5574359194837397
2021-04-13,1124.449951171875,0.21299150253331067
2021-04-14,1120.68994140625,-0.33438658267594956
2021-04-15,1116.1099853515625,-0.40867289742428925
2021-04-16,1115.6700439453125,-0.03941738825241625
2021-04-19,1115.6500244140625,-0.0017943953374621735
2021-04-20,1114.469970703125,-0.10577274997660702
2021-04-21,1116.1099853515625,0.14715646823599826
2021-04-22,1115.6600341796875,-0.040314232269256234
2021-04-23,1118.5899658203125,0.26261867870702726
2021-04-26,1114.1300048828125,-0.39871276104549436
2021-04-27,1109.22998046875,-0.43980723906433816
2021-04-28,1112.1500244140625,0.26324964134836204
2021-04-29,1108.6600341796875,-0.31380570586362344
2021-04-30,1106.6300048828125,-0.18310656416662408
2021-05-03,1116.760009765625,0.915392212222299
2021-05-04,1120.4000244140625,0.325944215105034
2021-05-05,1124.9100341796875,0.4025356718448503
2021-05-06,1123.989990234375,-0.08178822460086499
2021-05-07,1119.3900146484375,-0.4092541415763207
2021-05-10,1111.969970703125,-0.6628649396736797
2021-05-11,1115.5400390625,0.32105798298829313
2021-05-12,1118.22998046875,0.24113355971611128
2021-05-13,1131.5999755859375,1.1956391217111673
2021-05-14,1125.699951171875,-0.5213878173696007
2021-05-17,1125.530029296875,-0.01509477501736578
2021-05-18,1135.510009765625,0.8866916216339948
2021-05-19,1127.1400146484375,-0.737113283476476
2021-05-20,1130.3699951171875,0.2865642623607334
2021-05-21,1127.050048828125,-0.29370438912953434
2021-05-24,1126.7900390625,-0.02306993960874415
2021-05-25,1122.18994140625,-0.40824798736038836
2021-05-26,1121.3800048828125,-0.07217463760390563
2021-05-27,1115.52001953125,-0.5225690957611495
2021-05-28,1117.300048828125,0.1595694622874566
2021-05-31,1112.8499755859375,-0.39828810952393656
2021-06-01,1106.97998046875,-0.5274740752091778
2021-06-02,1107.2099609375,0.020775485808921523
2021-06-03,1109.8800048828125,0.24115064346528214
2021-06-04,1115.43994140625,0.5009493367730711
2021-06-07,1109.6800537109375,-0.5163781106897525
2021-06-08,1109.3199462890625,-0.0324514638855411
2021-06-09,1116.8900146484375,0.6824062241645112
2021-06-10,1116.4100341796875,-0.04297473004994945
2021-06-11,1111.260009765625,-0.46130223272730086
2021-06-14,1115.550048828125,0.3860517812932729
2021-06-15,1116.3199462890625,0.06901505331349256
2021-06-16,1116.030029296875,-0.025970779537820565
2021-06-17,1131.949951171875,1.4264779134151029
2021-06-18,1133.5400390625,0.14047333885909286
2021-06-21,1134.25,0.06263218880977472
2021-06-22,1130.3399658203125,-0.3447241948148605
2021-06-23,1132.510009765625,0.19198152864901008
2021-06-24,1132.6099853515625,0.008827788282261828
2021-06-25,1130.800048828125,-0.15980227499722277
2021-06-28,1125.3399658203125,-0.48285132402239306
2021-06-29,1129.0400390625,0.32879603982520766
2021-06-30,1130.510009765625,0.1301965078533085
2021-07-01,1129.5999755859375,-0.0804976667014401
2021-07-02,1132.4100341796875,0.24876581572981227
2021-07-05,1129.77001953125,-0.23313239628346416
2021-07-06,1129.43994140625,-0.029216399735665366
2021-07-07,1135.47998046875,0.534781783525351
2021-07-08,1140.52001953125,0.44386859735028317
2021-07-09,1146.280029296875,0.5050336396543287
2021-07-12,1144.31005859375,-0.17185771825174445
2021-07-13,1141.0999755859375,-0.28052563059328683
2021-07-14,1148.699951171875,0.6660218866480161
2021-07-15,1143.4100341796875,-0.4605133818270657
2021-07-16,1140.1199951171875,-0.28773921551775716
2021-07-19,1141.5,0.12104031932802517
2021-07-20,1150.0699462890625,0.7507618299660512
2021-07-21,1147.47998046875,-0.22520072180561845
2021-07-22,1148.68994140625,0.10544505857137398
2021-07-23,1149.9100341796875,0.10621602309355271
2021-07-26,1151.1199951171875,0.10522222622078026
2021-07-27,1151.760009765625,0.05559929904375149
2021-07-28,1153.56005859375,0.1562867969770343
2021-07-29,1149.4100341796875,-0.35975798426322037
2021-07-30,1142.1199951171875,-0.6342418149936191
2021-08-02,1150.9300537109375,0.7713776688452079
2021-08-03,1149.56005859375,-0.11903374256065913
2021-08-04,1148.5799560546875,-0.08525892420631065
2021-08-05,1144.06005859375,-0.3935204891144961
2021-08-06,1143.1199951171875,-0.08216906704338056
2021-08-09,1144.9200439453125,0.1574680554809582
2021-08-10,1145.8900146484375,0.08471951454203097
2021-08-11,1152.47998046875,0.5750958413172302
2021-08-12,1152.8499755859375,0.032104255471487875
2021-08-13,1162.06005859375,0.798896925259629
2021-08-16,1161.3800048828125,-0.058521391033816705
2021-08-17,1164.5,0.2686454996702281
2021-08-18,1176.449951171875,1.0261873054422388
2021-08-19,1169.6800537109375,-0.5754513784622883
2021-08-20,1175.3900146484375,0.48816434198262204
2021-08-23,1174.239990234375,-0.09784194180061379
2021-08-24,1167.6099853515625,-0.5646209410300473
2021-08-25,1163.469970703125,-0.3545717063383025
2021-08-26,1163.3299560546875,-0.012034229671853414
2021-08-27,1170.0,0.573357877582148
2021-08-30,1161.3299560546875,-0.7410293970352533
2021-08-31,1165.510009765625,0.35993678533343676
2021-09-01,1158.4100341796875,-0.6091732826357443
2021-09-02,1155.280029296875,-0.2701983572707012
2021-09-03,1157.1300048828125,0.16013222240700564
2021-09-06,1154.75,-0.20568171880164243
2021-09-07,1155.5400390625,0.06841645919029027
2021-09-08,1161.0,0.47250296423564375
2021-09-09,1166.489990234375,0.4728673759151647
2021-09-10,1169.1300048828125,0.22632124326305014
2021-09-13,1169.3800048828125,0.021383421771403732
2021-09-14,1171.1099853515625,0.14793997344972887
2021-09-15,1170.800048828125,-0.026465193475777582
2021-09-16,1165.219970703125,-0.4766038514078641
2021-09-17,1174.4200439453125,0.7895567767033596
2021-09-20,1181.1099853515625,0.5696378770730037
2021-09-21,1186.3199462890625,0.44110717901932883
2021-09-22,1182.9200439453125,-0.2865923610561594
2021-09-23,1181.030029296875,-0.1597753506766053
2021-09-24,1174.699951171875,-0.535979438962153
2021-09-27,1179.199951171875,0.3830765461010577
2021-09-28,1176.9599609375,-0.1899584741458793
2021-09-29,1186.8900146484375,0.8437036127403763
2021-09-30,1187.4300537109375,0.04550034593222563
2021-10-01,1183.719970703125,-0.312446446526915
2021-10-04,1180.0,-0.3142610410564739
2021-10-05,1183.780029296875,0.32034146583685974
2021-10-06,1187.1700439453125,0.28637200869583435
2021-10-07,1191.3800048828125,0.35462156065773076
2021-10-08,1191.1500244140625,-0.019303703923800875
2021-10-11,1195.5799560546875,0.37190375266156206
2021-10-12,1195.800048828125,0.01840887113595535
2021-10-13,1196.8900146484375,0.09114950458319893
2021-10-14,1186.7099609375,-0.8505421205245556
2021-10-15,1182.1300048828125,-0.3859372724123178
2021-10-18,1181.7900390625,-0.028758750637258856
2021-10-19,1185.6800537109375,0.32916292402696
2021-10-20,1175.6500244140625,-0.8459305076005119
2021-10-21,1174.5899658203125,-0.09016787068739651
2021-10-22,1176.550048828125,0.16687380829476517
2021-10-25,1176.5400390625,-0.0008507726156681272
2021-10-26,1167.06005859375,-0.8057507737946557
2021-10-27,1167.3299560546875,0.023126270062112653
2021-10-28,1172.1700439453125,0.4146289457852559
2021-10-29,1167.3699951171875,-0.40950106624196847
2021-11-01,1174.3800048828125,0.6004959691396916
2021-11-02,1176.5699462890625,0.18647638729751836
2021-11-03,1178.0400390625,0.12494733339689645
2021-11-04,1179.3399658203125,0.11034656842792145
2021-11-05,1185.8299560546875,0.5503069871680921
2021-11-08,1180.5,-0.44947051872601396
2021-11-09,1199.8599853515625,1.639981817159053
2021-11-10,1177.5,-1.8635495494927268
2021-11-11,1184.1400146484375,0.5639078257696495
2021-11-12,1183.1099853515625,-0.08698543112579671
2021-11-15,1179.1099853515625,-0.3380919821086126
2021-11-16,1183.510009765625,0.3731648844234492
2021-11-17,1184.050048828125,0.04563029108701766
2021-11-18,1181.22998046875,-0.23817138153628958
2021-11-19,1182.9000244140625,0.14138177771696459
2021-11-22,1191.6300048828125,0.7380150721591372
2021-11-23,1189.5,-0.17874716766820287
2021-11-24,1189.949951171875,0.037826916509042796
2021-11-25,1187.8800048828125,-0.17395238236902477
2021-11-26,1190.219970703125,0.1969867167301409
2021-11-29,1194.6099853515625,0.3688406140458289
2021-11-30,1190.739990234375,-0.3239546935520199
2021-12-01,1182.8599853515625,-0.6617737665182033
2021-12-02,1177.1099853515625,-0.4861099429524618
2021-12-03,1176.77001953125,-0.028881398046332052
2021-12-06,1183.1400146484375,0.5413118121181393
2021-12-07,1180.56005859375,-0.21806007934354055
2021-12-08,1176.8399658203125,-0.31511253886301605
2021-12-09,1172.56005859375,-0.363677929953643
2021-12-10,1177.3299560546875,0.40679344533174344
2021-12-13,1178.969970703125,0.13929949204156689
2021-12-14,1185.0999755859375,0.5199458031281967
2021-12-15,1184.22998046875,-0.07341111594887373
2021-12-16,1184.4000244140625,0.01435903060360566
2021-12-17,1186.1500244140625,0.14775413407017712
2021-12-20,1186.3900146484375,0.020232704922262812
2021-12-21,1190.1199951171875,0.3143974934630034
2021-12-22,1191.27001953125,0.09663096316177011
2021-12-23,1187.77001953125,-0.29380408661482393
2021-12-24,1185.5,-0.19111608256839885
2021-12-27,1185.9200439453125,0.03543179631484428
2021-12-28,1185.6500244140625,-0.022768780461090987
2021-12-29,1187.8499755859375,0.18554810665669663
2021-12-30,1183.6700439453125,-0.3518905355504254
2021-12-31,1189.8900146484375,0.5254818042360165
2022-01-03,1187.780029296875,-0.17732608271243677
2022-01-04,1194.6800537109375,0.5809176988896825
2022-01-05,1196.5,0.1523375470620314
2022-01-06,1199.25,0.22983702465524392
2022-01-07,1205.780029296875,0.5445094264644679
2022-01-10,1196.8800048828125,-0.7381134367644426
2022-01-11,1198.0899658203125,0.10109291930384678
2022-01-12,1189.4300537109375,-0.7228098353570411
2022-01-13,1185.8800048828125,-0.2984663803515919
2022-01-14,1186.6099853515625,0.061556014583619145
2022-01-17,1188.9599609375,0.19804110996430868
2022-01-18,1190.06005859375,0.09252604733489544
2022-01-19,1192.97998046875,0.24535920300110536
2022-01-20,1188.1600341796875,-0.4040257479566933
2022-01-21,1192.4300537109375,0.3593808416723965
2022-01-24,1191.5,-0.07799650034340244
2022-01-25,1195.6600341796875,0.3491426084504923
2022-01-26,1196.0999755859375,0.03679485754091161
2022-01-27,1200.6300048828125,0.3787333324420272
2022-01-28,1203.4599609375,0.23570592465442797
2022-01-31,1207.7099609375,0.353148433512418
2022-02-01,1205.1199951171875,-0.21445263383453872
2022-02-02,1202.5,-0.21740533123697503
2022-02-03,1199.9599609375,-0.2112298596673612
2022-02-04,1200.3299560546875,0.03083395523451049
2022-02-07,1197.0899658203125,-0.2699249667170167
2022-02-08,1196.8499755859375,-0.02004780269045936
2022-02-09,1196.3599853515625,-0.040939987832233626
2022-02-10,1194.030029296875,-0.19475376000667177
2022-02-11,1199.3499755859375,0.44554543508383837
2022-02-14,1199.239990234375,-0.009170413457404436
2022-02-15,1197.3599853515625,-0.15676636020494072
2022-02-16,1196.8299560546875,-0.04426649490206769
2022-02-17,1196.75,-0.006680652859913927
2022-02-18,1198.6600341796875,0.1596017697670815
2022-02-21,1195.0699462890625,-0.2995084334385001
2022-02-22,1194.6800537109375,-0.03262508435892819
2022-02-23,1192.6800537109375,-0.16740883835697495
2022-02-24,1192.4000244140625,-0.023478995561609928
2022-02-25,1206.0,1.1405547892889834
2022-02-28,1197.5899658203125,-0.6973494344682862
2022-03-01,1200.9300537109375,0.27890079125179046
2022-03-02,1205.3699951171875,0.3697085764928998
2022-03-03,1203.1500244140625,-0.1841733834522019
2022-03-04,1205.989990234375,0.2360441975385097
2022-03-07,1216.7099609375,0.8888938374224553
2022-03-08,1232.300048828125,1.2813314915752327
2022-03-09,1233.1099853515625,0.06572559371458286
2022-03-10,1223.22998046875,-0.8012265734751667
2022-03-11,1228.5999755859375,0.43900126737652645
2022-03-14,1236.8900146484375,0.6747549427995381
2022-03-15,1242.050048828125,0.4171780933290181
2022-03-16,1241.6800537109375,-0.029789066675423026
2022-03-17,1223.0,-1.5044176360173855
2022-03-18,1210.3299560546875,-1.0359806987172981
2022-03-21,1210.3699951171875,0.0033081113377075866
2022-03-22,1219.780029296875,0.7774510453538053
2022-03-23,1214.949951171875,-0.3959794396522609
2022-03-24,1218.010009765625,0.2518670494038311
2022-03-25,1217.550048828125,-0.037763313422067846
2022-03-28,1224.3800048828125,0.5609589569858908
2022-03-29,1223.6600341796875,-0.058802879845620826
2022-03-30,1209.1300048828125,-1.187423703562862
2022-03-31,1210.43994140625,0.10833711165445514
2022-04-01,1214.5,0.3354200778465044
2022-04-04,1218.780029296875,0.3524108107760382
2022-04-05,1213.9000244140625,-0.4004007914067853
2022-04-06,1218.75,0.3995366577473014
2022-04-07,1217.5999755859375,-0.09436097756410078
2022-04-08,1222.6600341796875,0.41557643686014334
2022-04-11,1228.239990234375,0.45637837981931106
2022-04-12,1235.050048828125,0.5544566736058298
2022-04-13,1228.5999755859375,-0.5222519725664232
2022-04-14,1223.1199951171875,-0.44603455784186785
2022-04-15,1230.0999755859375,0.5706701302091943
2022-04-18,1228.0899658203125,-0.1634021466155655
2022-04-19,1235.3499755859375,0.5911626971706108
2022-04-20,1239.5999755859375,0.34403206249178364
2022-04-21,1234.0899658203125,-0.4444990217929434
2022-04-22,1242.489990234375,0.6806654819917268
2022-04-25,1243.1600341796875,0.05392751254165162
2022-04-26,1249.2099609375,0.4866571150515364
2022-04-27,1260.7099609375,0.920581836488843
2022-04-28,1266.280029296875,0.44181996906194065
2022-04-29,1272.2900390625,0.47461932799826023
2022-05-02,1262.530029296875,-0.7671214476234312
2022-05-03,1266.75,0.334247154935019
2022-05-04,1261.06005859375,-0.4491763494178014
2022-05-05,1251.5,-0.7580970096230599
2022-05-06,1268.699951171875,1.3743468774970014
2022-05-09,1270.1300048828125,0.11271803940848812
2022-05-10,1274.8599853515625,0.37240128573976516
2022-05-11,1276.550048828125,0.1325685562321821
2022-05-12,1278.1500244140625,0.12533590730785527
2022-05-13,1290.75,0.9857978598180273
2022-05-16,1277.5699462890625,-1.021115917949833
2022-05-17,1279.8499755859375,0.17846610304961263
2022-05-18,1266.6600341796875,-1.0305849636955577
2022-05-19,1275.5799560546875,0.7042080459084499
2022-05-20,1263.550048828125,-0.943093152997676
2022-05-23,1273.2099609375,0.7645056971296027
2022-05-24,1258.8199462890625,-1.1302153682368088
2022-05-25,1260.989990234375,0.17238715923668657
2022-05-26,1266.5999755859375,0.44488738174042197
2022-05-27,1258.8900146484375,-0.6087131759128117
2022-05-30,1251.5899658203125,-0.5798797943570633
2022-05-31,1236.1700439453125,-1.2320266457947815
2022-06-01,1241.739990234375,0.450580914522547
2022-06-02,1246.949951171875,0.4195693928256805
2022-06-03,1240.8399658203125,-0.48999443368359374
2022-06-06,1250.530029296875,0.7809277379421387
2022-06-07,1254.47998046875,0.315862160790803
2022-06-08,1254.5799560546875,0.007969484367542634
2022-06-09,1256.739990234375,0.17217190257687864
2022-06-10,1264.02001953125,0.5792788765731416
2022-06-13,1278.280029296875,1.1281474616923637
2022-06-14,1291.800048828125,1.0576727494277405
2022-06-15,1289.47998046875,-0.17959964945656326
2022-06-16,1278.1600341796875,-0.8778690992121918
2022-06-17,1288.1800537109375,0.7839409200179448
2022-06-20,1290.5,0.1800948774497213
2022-06-21,1292.3800048828125,0.14568034737021396
2022-06-22,1291.5999755859375,-0.060356032585462405
2022-06-23,1297.6800537109375,0.4707400309636789
2022-06-24,1299.81005859375,0.16413944845043993
2022-06-27,1288.2900390625,-0.8862848425494896
2022-06-28,1286.199951171875,-0.16223737103067126
2022-06-29,1292.030029296875,0.453279299201359
2022-06-30,1301.72998046875,0.7507527651778867
2022-07-01,1287.7099609375,-1.0770297789562622
2022-07-04,1297.8900146484375,0.7905548624882908
2022-07-05,1295.6800537109375,-0.17027336003494487
2022-07-06,1308.6600341796875,1.0017890166306387
2022-07-07,1304.8499755859375,-0.2911419692080863
2022-07-08,1297.6500244140625,-0.5517838300638234
2022-07-11,1293.7900390625,-0.29745966007325153
2022-07-12,1310.8599853515625,1.319375306168813
2022-07-13,1305.8299560546875,-0.38371979868818684
2022-07-14,1304.8499755859375,-0.07504656055761227
2022-07-15,1316.1800537109375,0.8683050417280569
2022-07-18,1318.1199951171875,0.1473917949736725
2022-07-19,1318.9100341796875,0.05993680889651021
2022-07-20,1305.5,-1.016751243994296
2022-07-21,1312.8699951171875,0.5645342870308268
2022-07-22,1306.8499755859375,-0.4585388921705569
2022-07-25,1309.3199462890625,0.18900185555097426
2022-07-26,1310.4000244140625,0.0824915352478417
2022-07-27,1310.9000244140625,0.038156287445390014
2022-07-28,1305.949951171875,-0.3776087535279471
2022-07-29,1295.1500244140625,-0.8269786103304644
2022-08-01,1302.280029296875,0.5505157509484881
2022-08-02,1306.75,0.34324189902061875
2022-08-03,1314.6300048828125,0.6030231400659947
2022-08-04,1307.3800048828125,-0.5514859673879324
2022-08-05,1302.0799560546875,-0.4053946678341691
2022-08-08,1302.739990234375,0.05069075647914367
2022-08-09,1299.030029296875,-0.28478138118970264
2022-08-10,1307.56005859375,0.6566460439326516
2022-08-11,1296.699951171875,-0.8305627990468634
2022-08-12,1306.8299560546875,0.7812142565176705
2022-08-15,1301.3800048828125,-0.4170359844159366
2022-08-16,1313.1800537109375,0.906733527782122
2022-08-17,1311.0,-0.16601331285659437
2022-08-18,1314.8299560546875,0.2921400499380278
2022-08-19,1326.9100341796875,0.9187559250055211
2022-08-22,1334.8599853515625,0.5991326440446754
2022-08-23,1343.3599853515625,0.6367709043103353
2022-08-24,1339.0799560546875,-0.31860628152884374
2022-08-25,1340.0,0.0687071702591302
2022-08-26,1334.43994140625,-0.4149297458022394
2022-08-29,1341.1800537109375,0.5050892209944369
2022-08-30,1345.72998046875,0.3392480185805846
2022-08-31,1350.18994140625,0.3314157373492277
2022-09-01,1342.260009765625,-0.5873197094303451
2022-09-02,1355.0999755859375,0.9565930391202349
2022-09-05,1361.510009765625,0.4730303516473633
2022-09-06,1361.81005859375,0.022037945073694054
2022-09-07,1378.1099853515625,1.1969310003954847
2022-09-08,1374.31005859375,-0.2757346509497327
2022-09-09,1383.0,0.6323130178601755
2022-09-12,1379.06005859375,-0.28488368808748943
2022-09-13,1375.81005859375,-0.23566776368783016
2022-09-14,1393.469970703125,1.2836010319204672
2022-09-15,1391.1800537109375,-0.16433199425403
2022-09-16,1398.6300048828125,0.5355130812868092
2022-09-19,1385.22998046875,-0.9580821494806435
2022-09-20,1390.1099853515625,0.35228842514376524
2022-09-21,1392.510009765625,0.17264996578350011
2022-09-22,1397.56005859375,0.3626579911605088
2022-09-23,1403.6600341796875,0.43647323407878247
2022-09-26,1421.81005859375,1.293049881887498
2022-09-27,1429.77001953125,0.5598469985064636
2022-09-28,1426.260009765625,-0.24549471017554225
2022-09-29,1421.949951171875,-0.3021930478481427
2022-09-30,1430.1700439453125,0.5780859422417128
2022-10-03,1439.22998046875,0.6334866655747007
2022-10-04,1433.3399658203125,-0.4092476343856566
2022-10-05,1416.530029296875,-1.1727808422488994
2022-10-06,1416.760009765625,0.01623548135185615
2022-10-07,1408.449951171875,-0.5865537237407459
2022-10-10,1415.97998046875,0.534632365928922
2022-10-11,1428.3499755859375,0.8735995768169413
2022-10-12,1430.800048828125,0.17153171730075467
2022-10-13,1423.9000244140625,-0.48224938346304036
2022-10-14,1430.300048828125,0.4494714730197469
2022-10-17,1440.760009765625,0.7313123526822229
2022-10-18,1430.1500244140625,-0.7364158693777489
2022-10-19,1425.02001953125,-0.3587039677822812
2022-10-20,1435.010009765625,0.7010420974760123
2022-10-21,1430.31005859375,-0.3275204451460678
2022-10-24,1428.1099853515625,-0.15381792423040386
2022-10-25,1443.9599609375,1.1098567861379083
2022-10-26,1426.9300537109375,-1.179389158097277
2022-10-27,1412.68994140625,-0.99795447349742
2022-10-28,1420.6500244140625,0.5634699288570522
2022-10-31,1421.6500244140625,0.07039031308309074
2022-11-01,1424.6700439453125,0.2124305897645007
2022-11-02,1416.5999755859375,-0.5664517474535113
2022-11-03,1423.0999755859375,0.45884513003124905
2022-11-04,1423.6500244140625,0.038651453696947335
2022-11-07,1402.1099853515625,-1.513015045349042
2022-11-08,1392.699951171875,-0.6711338110417908
2022-11-09,1374.1500244140625,-1.3319399302199941
2022-11-10,1370.550048828125,-0.2619783518522656
2022-11-11,1349.3699951171875,-1.5453688633295326
2022-11-14,1313.030029296875,-2.6931061126163947
2022-11-15,1324.0799560546875,0.8415593330892701
2022-11-16,1316.260009765625,-0.5905947184914218
2022-11-17,1336.4300537109375,1.5323753510451121
2022-11-18,1342.75,0.47289764784275157
2022-11-21,1339.030029296875,-0.2770411992645716
2022-11-22,1359.75,1.5473865596580483
2022-11-23,1352.68994140625,-0.5192173997977556
2022-11-24,1336.81005859375,-1.1739484656765775
2022-11-25,1317.8900146484375,-1.415312805561575
2022-11-28,1334.56005859375,1.2649040329635985
2022-11-29,1340.1199951171875,0.4166119379667377
2022-11-30,1325.3699951171875,-1.1006477072010412
2022-12-01,1279.800048828125,-3.4382811182497974
2022-12-02,1303.25,1.8323136644155857
2022-12-05,1299.1700439453125,-0.31306012312967146
2022-12-06,1304.3699951171875,0.4002517758248114
2022-12-07,1319.7099609375,1.176044057877479
2022-12-08,1314.0999755859375,-0.4250922943384694
2022-12-09,1316.6300048828125,0.19252943793313104
2022-12-12,1303.1700439453125,-1.0223039796740774
2022-12-13,1305.9200439453125,0.21102388078799716
2022-12-14,1288.97998046875,-1.2971746283474528
2022-12-15,1295.6800537109375,0.5197965324295284
2022-12-16,1317.0999755859375,1.6531798736618253
2022-12-19,1308.8599853515625,-0.6256161557295026
2022-12-20,1301.3299560546875,-0.575312056381061
2022-12-21,1283.6400146484375,-1.3593740253149633
2022-12-22,1280.77001953125,-0.22358255308623232
2022-12-23,1290.199951171875,0.7362704854753099
2022-12-26,1279.239990234375,-0.8494777051840097
2022-12-27,1275.1300048828125,-0.3212833700429796
2022-12-28,1272.280029296875,-0.22350470736506312
2022-12-29,1274.3199462890625,0.16033553504057885
2022-12-30,1260.260009765625,-1.1033286078885762
2023-01-02,1260.9100341796875,0.05157859560929179
2023-01-03,1270.0999755859375,0.7288340291643935
2023-01-04,1279.0799560546875,0.7070294182634829
2023-01-05,1271.0799560546875,-0.6254495633467583
2023-01-06,1274.1800537109375,0.2438947795127211
2023-01-09,1252.8800048828125,-1.6716671059235688
2023-01-10,1239.280029296875,-1.0854970574144973
2023-01-11,1240.1600341796875,0.07100936527733026
2023-01-12,1241.5999755859375,0.11610932190719847
2023-01-13,1239.1300048828125,-0.19893449997527846
2023-01-16,1236.5899658203125,-0.20498567966967807
2023-01-17,1240.7099609375,0.3331739081720908
2023-01-18,1237.0,-0.2990191950016041
2023-01-19,1237.8800048828125,0.07114024921686113
2023-01-20,1232.1800537109375,-0.46046071908355524
2023-01-23,1230.030029296875,-0.1744894674757358
2023-01-24,1229.280029296875,-0.06097412113009737
2023-01-25,1232.6600341796875,0.27495808947175515
2023-01-26,1232.5899658203125,-0.005684321502452683
2023-01-27,1231.8499755859375,-0.06003539335017738
2023-01-30,1228.949951171875,-0.23542025989675697
2023-01-31,1231.5,0.2074981837700829
2023-02-01,1232.1500244140625,0.0527831436510251
2023-02-02,1221.949951171875,-0.8278272158488198
2023-02-03,1224.9000244140625,0.24142341012889368
2023-02-06,1246.75,1.7838170585709356
2023-02-07,1261.22998046875,1.1614181246240252
2023-02-08,1255.3499755859375,-0.4662119497529815
2023-02-09,1260.469970703125,0.4078540022114385
2023-02-10,1264.550048828125,0.32369498836406496
2023-02-13,1266.8699951171875,0.18346021900932374
2023-02-14,1272.93994140625,0.4791293749522474
2023-02-15,1272.25,-0.05420062516757751
2023-02-16,1283.719970703125,0.9015500650913832
2023-02-17,1288.9599609375,0.40818795017303344
2023-02-20,1293.9200439453125,0.38481280707935994
2023-02-21,1296.1099853515625,0.16924858815638988
2023-02-22,1305.8299560546875,0.7499340961013123
2023-02-23,1302.8299560546875,-0.22973894771597392
2023-02-24,1298.0799560546875,-0.3645909412755777
2023-02-27,1313.699951171875,1.2033153307953404
2023-02-28,1318.3499755859375,0.35396396337796787
2023-03-01,1321.5999755859375,0.2465202761167795
2023-03-02,1305.72998046875,-1.2008168440039046
2023-03-03,1311.06005859375,0.408206765926189
2023-03-06,1294.780029296875,-1.2417455012958767
2023-03-07,1299.0,0.3259218251471463
2023-03-08,1317.9000244140625,1.4549672374182032
2023-03-09,1316.449951171875,-0.11002907772402759
2023-03-10,1325.550048828125,0.6912604347889761
2023-03-13,1319.5400390625,-0.45339742327633603
2023-03-14,1296.3800048828125,-1.7551596385163237
2023-03-15,1304.5799560546875,0.6325268162876485
2023-03-16,1311.739990234375,0.5488382790534985
2023-03-17,1301.6199951171875,-0.7714939845189339
2023-03-20,1307.6500244140625,0.46327110212625033
2023-03-21,1304.93994140625,-0.207248342998112
2023-03-22,1303.43994140625,-0.11494781885391658
2023-03-23,1298.25,-0.3981726538662578
2023-03-24,1286.2900390625,-0.921237122087426
2023-03-27,1294.8299560546875,0.6639184579561697
2023-03-28,1297.800048828125,0.2293809128796509
2023-03-29,1296.97998046875,-0.06318911454160636
2023-03-30,1307.1300048828125,0.7825891352921444
2023-03-31,1296.5,-0.8132324132338664
2023-04-03,1305.47998046875,0.6926325081951346
2023-04-04,1308.050048828125,0.19686769600650855
2023-04-05,1312.4100341796875,0.33331945940973107
2023-04-06,1316.2099609375,0.2895380756660959
2023-04-07,1317.93994140625,0.13143651241764864
2023-04-10,1315.449951171875,-0.18893047825215836
2023-04-11,1320.8800048828125,0.41279059732375334
2023-04-12,1322.0899658203125,0.09160263862177942
2023-04-13,1322.8299560546875,0.05597124654945773
2023-04-14,1301.4300537109375,-1.617736447969076
2023-04-17,1303.3800048828125,0.14983142323437004
2023-04-18,1316.0699462890625,0.9736179286708557
2023-04-19,1315.9000244140625,-0.012911310335683712
2023-04-20,1326.760009765625,0.8252895470838073
2023-04-21,1323.5999755859375,-0.23817677322409692
2023-04-24,1329.3800048828125,0.4366900425724296
2023-04-25,1332.800048828125,0.2572660889099243
2023-04-26,1341.0,0.6152424123247124
2023-04-27,1337.8299560546875,-0.23639403022464034
2023-04-28,1339.3900146484375,0.11661112734764334
2023-05-01,1337.1700439453125,-0.16574490468391767
2023-05-02,1342.7900390625,0.4202902347861359
2023-05-03,1342.300048828125,-0.036490457936155796
2023-05-04,1335.22998046875,-0.5267129629882294
2023-05-05,1320.1500244140625,-1.1293901631382997
2023-05-08,1316.9599609375,-0.24164401148106807
2023-05-09,1322.4100341796875,0.41383742891527575
2023-05-10,1326.050048828125,0.27525612740042504
2023-05-11,1318.050048828125,-0.6032954794632284
2023-05-12,1329.8800048828125,0.8975346622994707
2023-05-15,1341.52001953125,0.87526803965019
2023-05-16,1335.4000244140625,-0.45619856789956836
2023-05-17,1342.4300537109375,0.52643621149846
2023-05-18,1334.1500244140625,-0.6167940947080397
2023-05-19,1334.739990234375,0.04422035074891362
2023-05-22,1324.2099609375,-0.7889198925571939
2023-05-23,1313.8299560546875,-0.7838639784482293
2023-05-24,1319.8399658203125,0.4574419800620566
2023-05-25,1318.52001953125,-0.10000805576774185
2023-05-26,1330.8900146484375,0.9381727189538669
2023-05-29,1322.4300537109375,-0.6356619137859232
2023-05-30,1324.5899658203125,0.16332902472337985
2023-05-31,1319.7900390625,-0.36237076239966637
2023-06-01,1321.739990234375,0.14774707447102742
2023-06-02,1312.8499755859375,-0.6725993549503761
2023-06-05,1305.1400146484375,-0.5872690010950365
2023-06-06,1299.7900390625,-0.4099158347680154
2023-06-07,1299.199951171875,-0.045398708475297145
2023-06-08,1308.3399658203125,0.7035110061536898
2023-06-09,1296.3299560546875,-0.9179578763456098
2023-06-12,1286.68994140625,-0.7436389634762675
2023-06-13,1284.5799560546875,-0.16398553246297354
2023-06-14,1267.6199951171875,-1.320272892128016
2023-06-15,1273.989990234375,0.5025161437753001
2023-06-16,1270.050048828125,-0.3092599970526577
2023-06-19,1276.31005859375,0.4928947305187892
2023-06-20,1283.239990234375,0.5429661541851649
2023-06-21,1287.5400390625,0.3350931128120127
2023-06-22,1288.3800048828125,0.06523803492155533
2023-06-23,1298.2099609375,0.7629702430519858
2023-06-26,1307.6700439453125,0.7287020815169853
2023-06-27,1302.6600341796875,-0.38312491662725323
2023-06-28,1296.5999755859375,-0.46520645715258935
2023-06-29,1309.010009765625,0.9571212720468569
2023-06-30,1323.0699462890625,1.0740893055473988
2023-07-03,1315.300048828125,-0.5872627885419424
2023-07-04,1306.0999755859375,-0.6994657417054295
2023-07-05,1295.5,-0.8115745949066611
2023-07-06,1302.969970703125,0.5766090855364725
2023-07-07,1309.219970703125,0.4796733724129698
2023-07-10,1297.3699951171875,-0.905117234010222
2023-07-11,1299.5400390625,0.16726484761322435
2023-07-12,1291.510009765625,-0.6179131889362921
2023-07-13,1274.699951171875,-1.3015817505588334
2023-07-14,1266.8299560546875,-0.6173998131836722
2023-07-17,1268.3399658203125,0.11919593141984652
2023-07-18,1265.449951171875,-0.22785804487114314
2023-07-19,1264.93994140625,-0.04030264216713375
2023-07-20,1265.0899658203125,0.011860200563806877
2023-07-21,1278.4000244140625,1.0521037201587147
2023-07-24,1285.6500244140625,0.567115133099505
2023-07-25,1280.530029296875,-0.3982417469731714
2023-07-26,1274.1199951171875,-0.5005766388162858
2023-07-27,1275.1700439453125,0.08241365272887435
2023-07-28,1283.8800048828125,0.6830430952213806
2023-07-31,1272.3900146484375,-0.8949426886217249
2023-08-01,1277.9300537109375,0.435404160573416
2023-08-02,1289.050048828125,0.8701567886987727
2023-08-03,1295.3699951171875,0.4902793568650088
2023-08-04,1296.4000244140625,0.07951622322253105
2023-08-07,1303.050048828125,0.5129608368426242
2023-08-08,1307.75,0.36068846136045885
2023-08-09,1316.6700439453125,0.682090915336464
2023-08-10,1313.6400146484375,-0.23012821707371067
2023-08-11,1318.3299560546875,0.35701876876101934
2023-08-14,1329.6099853515625,0.8556302043406738
2023-08-15,1334.739990234375,0.38582779456608485
2023-08-16,1338.739990234375,0.2996838357482323
2023-08-17,1343.3299560546875,0.34285715327806443
2023-08-18,1339.0799560546875,-0.3163779666227384
2023-08-21,1339.1700439453125,0.006727596079514342
2023-08-22,1339.739990234375,0.04255966534192357
2023-08-23,1339.68994140625,-0.003735712040386918
2023-08-24,1327.780029296875,-0.8890051153831457
2023-08-25,1326.6199951171875,-0.08736644279111472
2023-08-28,1323.6099853515625,-0.2268931402137575
2023-08-29,1322.8199462890625,-0.05968820658981411
2023-08-30,1321.0699462890625,-0.13229313671216936
2023-08-31,1323.030029296875,0.14837087266412752
2023-09-01,1324.6400146484375,0.12168925239119943
2023-09-04,1317.4599609375,-0.542038110848031
2023-09-05,1317.949951171875,0.037192039902778085
2023-09-06,1331.72998046875,1.0455654468989772
2023-09-07,1333.4599609375,0.12990474751803927
2023-09-08,1334.02001953125,0.042000405723197076
2023-09-11,1335.3199462890625,0.09744432158291794
2023-09-12,1320.43994140625,-1.1143400444339147
2023-09-13,1324.0999755859375,0.27718293463536714
2023-09-14,1329.77001953125,0.42821871836402625
2023-09-15,1327.06005859375,-0.20379170064724894
2023-09-18,1328.4200439453125,0.10248107029937614
2023-09-19,1329.6600341796875,0.09334323432008684
2023-09-20,1328.530029296875,-0.08498449631973992
2023-09-21,1332.3399658203125,0.28677835196950774
2023-09-22,1341.1700439453125,0.6627496248349241
2023-09-25,1334.6600341796875,-0.4853977909075935
2023-09-26,1338.449951171875,0.2839612257151902
2023-09-27,1353.75,1.1431169925127938
2023-09-28,1352.8199462890625,-0.06870202850877138
2023-09-29,1347.8499755859375,-0.36737857959281417
2023-10-02,1351.93994140625,0.30344369880888067
2023-10-03,1354.18994140625,0.16642751139221978
2023-10-04,1359.219970703125,0.3714419331494634
2023-10-05,1351.1600341796875,-0.5929824971058983
2023-10-06,1346.06005859375,-0.3774516309634435
2023-10-09,1343.3599853515625,-0.20059084473602606
2023-10-10,1346.8900146484375,0.26277612370233516
2023-10-11,1341.8900146484375,-0.3712255600398895
2023-10-12,1338.260009765625,-0.2705143374782115
2023-10-13,1348.3399658203125,0.7532135744273472
2023-10-16,1352.0699462890625,0.27663501515218236
2023-10-17,1347.760009765625,-0.31876579575388364
2023-10-18,1352.989990234375,0.3880498331197302
2023-10-19,1354.56005859375,0.11604434406073949
2023-10-20,1356.22998046875,0.12328149382565545
2023-10-23,1349.3399658203125,-0.5080270122074793
2023-10-24,1334.43994140625,-1.1042453934138274
2023-10-25,1343.6400146484375,0.6894332938275571
2023-10-26,1352.6800537109375,0.6728021615868052
2023-10-27,1350.3399658203125,-0.17299640696298857
2023-10-30,1355.219970703125,0.36139083536996797
2023-10-31,1348.0699462890625,-0.5275914293347395
2023-11-01,1350.1600341796875,0.15504298544586348
2023-11-02,1347.8399658203125,-0.17183654534587145
2023-11-03,1333.6800537109375,-1.0505633063608633
2023-11-06,1307.8399658203125,-1.9375027630296748
2023-11-07,1297.1099853515625,-0.82043527871698
2023-11-08,1304.550048828125,0.5735877111874954
2023-11-09,1308.1199951171875,0.27365345563163945
2023-11-10,1315.199951171875,0.5412313917006806
2023-11-13,1319.6199951171875,0.3360739134284696
2023-11-14,1319.0699462890625,-0.041682365390061094
2023-11-15,1304.239990234375,-1.124273666943032
2023-11-16,1301.8599853515625,-0.18248212757108195
2023-11-17,1292.449951171875,-0.7228146102936206
2023-11-20,1294.5,0.15861726995820558
2023-11-21,1288.1500244140625,-0.4905350008449161
2023-11-22,1295.18994140625,0.546513749079014
2023-11-23,1298.7900390625,0.27795904995533416
2023-11-24,1300.1800537109375,0.1070238149840419
2023-11-27,1289.7900390625,-0.7991212154641714
2023-11-28,1302.530029296875,0.9877569099258299
2023-11-29,1287.530029296875,-1.1516049275345441
2023-11-30,1288.3599853515625,0.06446110271625116
2023-12-01,1296.6600341796875,0.6442336709068242
2023-12-04,1299.18994140625,0.19510952446089025
2023-12-05,1307.800048828125,0.6627289164935712
2023-12-06,1313.3699951171875,0.4259019789801588
2023-12-07,1313.719970703125,0.026647143397418027
2023-12-08,1312.760009765625,-0.07307196045639452
2023-12-11,1316.510009765625,0.28565769615951364
2023-12-12,1313.6199951171875,-0.219520902006054
2023-12-13,1310.1400146484375,-0.26491530896951554
2023-12-14,1292.010009765625,-1.3838219335417734
2023-12-15,1291.9200439453125,-0.00696324483807631
2023-12-18,1276.469970703125,-1.1959001112023526
2023-12-19,1302.9300537109375,2.072910731557376
2023-12-20,1297.760009765625,-0.39680134252697563
2023-12-21,1296.97998046875,-0.06010582010581578
2023-12-22,1291.7099609375,-0.40633005987843474
2023-12-25,1297.3599853515625,0.43740658390230003
2023-12-26,1294.5799560546875,-0.21428357034779522
2023-12-27,1293.9200439453125,-0.05097499820606588
2023-12-28,1294.760009765625,0.06491636204593032
2023-12-29,1277.8399658203125,-1.3068092787616559
2024-01-01,1293.530029296875,1.2278582526952242
2024-01-02,1293.5400390625,0.0007738332623352662
2024-01-03,1307.6199951171875,1.088482430346116
2024-01-04,1309.530029296875,0.14606951460056639
2024-01-05,1311.25,0.13134259349887323
2024-01-08,1313.1300048828125,0.14337501489514182
2024-01-09,1311.800048828125,-0.1012813696848136
2024-01-10,1319.7900390625,0.6090859839129159
2024-01-11,1317.5,-0.1735154073542411
2024-01-12,1311.989990234375,-0.4182170600094848
2024-01-15,1312.8499755859375,0.06554816408383957
2024-01-16,1319.7099609375,0.5225262199895164
2024-01-17,1337.7900390625,1.370003914508322
2024-01-18,1344.050048828125,0.4679366404919394
2024-01-19,1337.6600341796875,-0.47542981409129936
2024-01-22,1333.2099609375,-0.3326759511744326
2024-01-23,1338.739990234375,0.41479057754612025
2024-01-24,1336.780029296875,-0.1464034055751795
2024-01-25,1329.8900146484375,-0.5154187298909263
2024-01-26,1336.030029296875,0.46169341680941667
2024-01-29,1336.760009765625,0.05463802854297484
2024-01-30,1333.2099609375,-0.2655711423284912
2024-01-31,1326.6199951171875,-0.49429317312319476
2024-02-01,1333.9100341796875,0.5495197637101823
2024-02-02,1328.949951171875,-0.3718453929213328
2024-02-05,1337.72998046875,0.6606741878528055
2024-02-06,1333.3900146484375,-0.3244276411291769
2024-02-07,1326.7900390625,-0.4949771269794345
2024-02-08,1327.6199951171875,0.06255368447549703
2024-02-09,1331.469970703125,0.28999078050173654
2024-02-12,1330.06005859375,-0.1058913937526107
2024-02-13,1328.5,-0.11729234207660255
2024-02-14,1340.7900390625,0.9251064405344289
2024-02-15,1326.0,-1.1030839006561655
2024-02-16,1327.6600341796875,0.12519111460689292
2024-02-19,1331.5799560546875,0.29525042360878384
2024-02-20,1333.3399658203125,0.13217454630660708
2024-02-21,1333.75,0.030752410502832284
2024-02-22,1332.8699951171875,-0.06597974753983493
2024-02-23,1327.1700439453125,-0.4276449460754672
2024-02-26,1330.0,0.2132323636747202
2024-02-27,1331.719970703125,0.1293211054981258
2024-02-28,1331.7900390625,0.005261493475838819
2024-02-29,1333.3800048828125,0.11938562188313906
2024-03-01,1335.199951171875,0.136491193988042
2024-03-04,1330.9000244140625,-0.3220436575090191
2024-03-05,1328.93994140625,-0.14727499976382452
2024-03-06,1333.4300537109375,0.337871725033434
2024-03-07,1327.0899658203125,-0.475472100916019
2024-03-08,1321.1800537109375,-0.4453286711215476
2024-03-11,1315.97998046875,-0.393593078216814
2024-03-12,1310.5400390625,-0.4133756962102386
2024-03-13,1311.1500244140625,0.046544579591700774
2024-03-14,1313.6500244140625,0.19067230701668159
2024-03-15,1321.9200439453125,0.6295451130478025
2024-03-18,1329.3399658203125,0.5612988401972441
2024-03-19,1336.0899658203125,0.5077707865222214
2024-03-20,1337.02001953125,0.06961011119983596
2024-03-21,1330.1099853515625,-0.5168235388210651
2024-03-22,1334.6800537109375,0.34358574927675356
2024-03-25,1343.5999755859375,0.6683191114004616
2024-03-26,1339.1300048828125,-0.33268612565846567
2024-03-27,1343.06005859375,0.2934781310707235
2024-03-28,1349.800048828125,0.5018383348717848
2024-03-29,1349.800048828125,0.0
2024-04-01,1345.31005859375,-0.33264113735016476
2024-04-02,1355.530029296875,0.7596739976662326
2024-04-03,1350.72998046875,-0.354108630895833
2024-04-04,1344.8399658203125,-0.43606159140655576
2024-04-05,1351.3599853515625,0.4848175022277079
2024-04-08,1350.27001953125,-0.08065695537291528
2024-04-09,1354.219970703125,0.2925304653691674
2024-04-10,1348.5400390625,-0.41942459596692183
2024-04-11,1363.760009765625,1.128625792505633
2024-04-12,1367.8399658203125,0.2991696504862862
2024-04-15,1379.6099853515625,0.860482207375135
2024-04-16,1387.6700439453125,0.5842273308638068
2024-04-17,1387.3399658203125,-0.02378649927914367
2024-04-18,1379.5400390625,-0.5622217300717991
2024-04-19,1379.4000244140625,-0.010149371853873657
2024-04-22,1373.9300537109375,-0.3965470933965265
2024-04-23,1378.8399658203125,0.3573625961608151
2024-04-24,1370.47998046875,-0.6063057032575148
2024-04-25,1376.969970703125,0.47355600423693023
2024-04-26,1371.699951171875,-0.38272581417000406
2024-04-29,1377.0899658203125,0.3929441452434679
2024-04-30,1374.6400146484375,-0.17790785153355415
2024-05-01,1385.4599609375,0.7871112563116789
2024-05-02,1375.0,-0.7549811060885592
2024-05-03,1364.6400146484375,-0.7534534801136417
2024-05-06,1355.050048828125,-0.7027469308660939
2024-05-07,1352.1700439453125,-0.21253863540340312
2024-05-08,1357.72998046875,0.41118619276721
2024-05-09,1361.93994140625,0.3100735048987113
2024-05-10,1365.4000244140625,0.2540554765021241
2024-05-13,1370.1099853515625,0.34495099262366047
2024-05-14,1363.7900390625,-0.46127291652726665
2024-05-15,1362.550048828125,-0.09092237066252729
2024-05-16,1353.5999755859375,-0.656861980951462
2024-05-17,1346.0400390625,-0.5585059589089503
2024-05-20,1353.3900146484375,0.546044350289665
2024-05-21,1360.1600341796875,0.5002267977430419
2024-05-22,1363.4200439453125,0.2396783969315086
2024-05-23,1365.81005859375,0.1752955487966501
2024-05-24,1367.6199951171875,0.1325174398921103
2024-05-27,1365.7099609375,-0.1396611768259337
2024-05-28,1360.9300537109375,-0.34999431528501823
2024-05-29,1362.760009765625,0.13446363754681112
2024-05-30,1370.550048828125,0.5716368991367515
2024-05-31,1375.6199951171875,0.36992055075970587
2024-06-03,1382.0999755859375,0.4710589037489221
2024-06-04,1370.7900390625,-0.8183153695985435
2024-06-05,1373.719970703125,0.21374036556529585
2024-06-06,1368.739990234375,-0.36251787663835744
2024-06-07,1365.25,-0.2549783201539535
2024-06-10,1379.050048828125,1.0108074585698512
2024-06-11,1373.9599609375,-0.36910102682280455
2024-06-12,1377.3599853515625,0.24746168088789489
2024-06-13,1370.4100341796875,-0.5045849484367815
2024-06-14,1373.739990234375,0.24298976011809525
2024-06-17,1382.280029296875,0.6216634241711816
2024-06-18,1379.06005859375,-0.2329463375639551
2024-06-19,1378.6099853515625,-0.03263623214833089
2024-06-20,1381.1500244140625,0.18424638509000335
2024-06-21,1391.8199462890625,0.7725389484409373
2024-06-24,1388.3900146484375,-0.24643501120744649
2024-06-25,1386.1099853515625,-0.16422109586061717
2024-06-26,1390.8900146484375,0.34485209307995035
2024-06-27,1393.3800048828125,0.1790213610099345
2024-06-28,1386.949951171875,-0.4614716508349992
2024-07-01,1380.2900390625,-0.4801840256562828
2024-07-02,1383.4200439453125,0.2267642882461507
2024-07-03,1383.4200439453125,0.0
2024-07-04,1385.77001953125,0.16986710552753248
2024-07-05,1380.25,-0.39833590375386585
2024-07-08,1376.5699462890625,-0.26662225762995595
2024-07-09,1382.75,0.44894585470194315
2024-07-10,1382.4200439453125,-0.023862307335920097
2024-07-11,1382.989990234375,0.04122815576630412
2024-07-12,1371.27001953125,-0.8474371315687401
2024-07-15,1374.1099853515625,0.20710478460568282
2024-07-16,1383.68994140625,0.6971753467198916
2024-07-17,1382.6400146484375,-0.07587875913482867
2024-07-18,1378.6500244140625,-0.2885776624503067
2024-07-19,1385.239990234375,0.4780013566614505
2024-07-22,1388.81005859375,0.2577220109542866
2024-07-23,1387.0999755859375,-0.12313296532026063
2024-07-24,1384.5699462890625,-0.18239703996867362
2024-07-25,1382.6500244140625,-0.1386655748339627
2024-07-26,1381.4300537109375,-0.08823423726781465
2024-07-29,1382.0899658203125,0.047770215191289545
2024-07-30,1381.3599853515625,-0.0528171455406512
2024-07-31,1383.5,0.15492085127200017
2024-08-01,1367.9200439453125,-1.1261262056152854
2024-08-02,1368.969970703125,0.07675351804805608
2024-08-05,1357.1700439453125,-0.8619565812500563
2024-08-06,1367.4000244140625,0.7537729346730471
2024-08-07,1370.31005859375,0.21281513293336385
2024-08-08,1375.3299560546875,0.3663329645327895
2024-08-09,1373.760009765625,-0.11415051945542487
2024-08-12,1363.8399658203125,-0.7221089473266162
2024-08-13,1369.5400390625,0.4179429687528602
2024-08-14,1362.1700439453125,-0.5381365208009914
2024-08-15,1355.7099609375,-0.4742493814576809
2024-08-16,1363.510009765625,0.5753479027867492
2024-08-19,1348.97998046875,-1.0656342229106608
2024-08-20,1330.8800048828125,-1.341752720425693
2024-08-21,1327.5799560546875,-0.2479599074309946
2024-08-22,1333.6600341796875,0.45798206708911327
2024-08-23,1339.5400390625,0.44089233628636926
2024-08-26,1323.8800048828125,-1.1690605523555275
2024-08-27,1326.6400146484375,0.2084788466813814
2024-08-28,1326.3599853515625,-0.021108159996907627
2024-08-29,1336.68994140625,0.7788199409491048
2024-08-30,1332.8800048828125,-0.28502769456237864
2024-09-02,1336.5799560546875,0.2775907177180903
2024-09-03,1337.550048828125,0.07258022754590421
2024-09-04,1340.4100341796875,0.21382267931344678
2024-09-05,1331.010009765625,-0.701279770694585
2024-09-06,1332.7900390625,0.1337352299242589
2024-09-09,1337.77001953125,0.373650786905122
2024-09-10,1341.27001953125,0.2616294242583139
2024-09-11,1343.3399658203125,0.15432733595177606
2024-09-12,1339.1800537109375,-0.309669347687036
2024-09-13,1335.68994140625,-0.2606156128906023
2024-09-16,1329.510009765625,-0.46267711158464175
2024-09-17,1319.1099853515625,-0.7822449126122732
2024-09-18,1322.9300537109375,0.28959437816376
2024-09-19,1322.260009765625,-0.05064847861252497
2024-09-20,1327.6099853515625,0.40460843906833244
2024-09-23,1331.5,0.29300884230751834
2024-09-24,1333.6199951171875,0.15921855930811635
2024-09-25,1324.8900146484375,-0.6546077968771713
2024-09-26,1335.050048828125,0.7668586876913963
2024-09-27,1313.300048828125,-1.629152406615142
2024-09-30,1309.300048828125,-0.30457624695661156
2024-10-01,1315.3299560546875,0.46054433679731943
2024-10-02,1324.8399658203125,0.7230132425593228
2024-10-03,1324.030029296875,-0.06113466866437545
2024-10-04,1334.4100341796875,0.7839705031708943
2024-10-07,1345.8800048828125,0.8595536910943613
2024-10-08,1342.3699951171875,-0.26079663513023377
2024-10-09,1341.31005859375,-0.07896008755358119
2024-10-10,1343.02001953125,0.1274843893508626
2024-10-11,1349.739990234375,0.5003626606750355
2024-10-14,1348.3299560546875,-0.10446709661782183
2024-10-15,1357.27001953125,0.663047159667185
2024-10-16,1363.1800537109375,0.43543540302530825
2024-10-17,1364.199951171875,0.07481751645066481
2024-10-18,1370.050048828125,0.4288299271103746
2024-10-21,1369.010009765625,-0.07591248680218765
2024-10-22,1376.5,0.5471099685865122
2024-10-23,1376.6300048828125,0.009444597371044416
2024-10-24,1377.3399658203125,0.051572385824938394
2024-10-25,1376.3199462890625,-0.0740572085732305
2024-10-28,1387.6600341796875,0.8239427119545173
2024-10-29,1381.969970703125,-0.4100473701345808
2024-10-30,1383.1800537109375,0.0875621781562197
2024-10-31,1378.5699462890625,-0.33329770838630424
2024-11-01,1372.9300537109375,-0.4091118186136944
2024-11-04,1379.3399658203125,0.46687827191556064
2024-11-05,1372.8599853515625,-0.46978849517321786
2024-11-06,1378.0,0.37440195673859034
2024-11-07,1399.800048828125,1.582006446162909
2024-11-08,1372.0799560546875,-1.9802894561008255
2024-11-11,1397.199951171875,1.8307967408414116
2024-11-12,1400.550048828125,0.23977224257989427
2024-11-13,1406.6500244140625,0.43554142110391325
2024-11-14,1399.0,-0.5438470324023226
2024-11-15,1400.8299560546875,0.13080457860525918
2024-11-18,1394.3499755859375,-0.46258151753124643
2024-11-19,1389.5,-0.3478305784671787
2024-11-20,1392.1600341796875,0.19143822811713562
2024-11-21,1397.6199951171875,0.39219348375543195
2024-11-22,1399.5999755859375,0.1416680124545655
2024-11-25,1403.510009765625,0.2793679799866
2024-11-26,1395.56005859375,-0.5664335214255134
2024-11-27,1395.27001953125,-0.020782986781109347
2024-11-28,1388.469970703125,-0.487364361946907
2024-11-29,1393.300048828125,0.3478705500957968
2024-12-02,1399.8599853515625,0.4708200885340519
2024-12-03,1401.06005859375,0.0857280910051994
2024-12-04,1411.6700439453125,0.7572826936635302
2024-12-05,1410.800048828125,-0.061628786480161235
2024-12-06,1399.989990234375,-0.7662360518579048
2024-12-09,1424.219970703125,1.7307252650208937
2024-12-10,1426.5999755859375,0.1671093603355045
2024-12-11,1433.949951171875,0.515209288638796
2024-12-12,1429.1500244140625,-0.33473460868629346
2024-12-13,1427.8599853515625,-0.0902661750314726
2024-12-16,1434.449951171875,0.4615274528258384
2024-12-17,1431.3499755859375,-0.21610900982672598
2024-12-18,1436.4200439453125,0.35421584139823103
2024-12-19,1451.5,1.0498291302917462
2024-12-20,1437.449951171875,-0.9679675389683062
2024-12-23,1445.4200439453125,0.5544605408306591
2024-12-24,1442.699951171875,-0.1881870107469208
2024-12-25,1453.4200439453125,0.7430576790918852
2024-12-26,1457.6099853515625,0.2882815207967182
2024-12-27,1466.989990234375,0.6435195269707261
2024-12-30,1472.800048828125,0.39605304960681487
2024-12-31,1467.3900146484375,-0.3673298479309639
2025-01-02,1473.52001953125,0.41774884806484724
2025-01-03,1471.6500244140625,-0.12690666515561277
2025-01-06,1465.530029296875,-0.4158594105704072
2025-01-07,1459.449951171875,-0.4148722989945841
2025-01-08,1451.8800048828125,-0.5186848841910674
2025-01-09,1457.969970703125,0.4194537978229107
2025-01-10,1455.22998046875,-0.18793187030139435
2025-01-13,1472.25,1.1695759268076422
2025-01-14,1458.8900146484375,-0.9074535813593188
2025-01-15,1460.43994140625,0.10624013751894257
2025-01-16,1437.219970703125,-1.5899298591331767
2025-01-17,1453.3199462890625,1.1202165231576133
2025-01-20,1457.3800048828125,0.2793644031458431
2025-01-21,1435.530029296875,-1.4992641255356376
2025-01-22,1425.7900390625,-0.6784943564813961
2025-01-23,1434.3399658203125,0.5996623993413719
2025-01-24,1433.9300537109375,-0.028578448564708925
2025-01-27,1427.6300048828125,-0.4393553794218019
2025-01-28,1417.9200439453125,-0.680145479171057
2025-01-29,1443.260009765625,1.7871223365885314
2025-01-30,1443.3199462890625,0.0041528569372006885
2025-01-31,1441.6600341796875,-0.11500652462005378
2025-02-03,1456.780029296875,1.0487906135090208
2025-02-04,1459.050048828125,0.15582445431694403
2025-02-05,1450.1600341796875,-0.6093015558703896
2025-02-06,1443.8900146484375,-0.43236742038590403
2025-02-07,1442.1500244140625,-0.12050711735122066
2025-02-10,1450.6199951171875,0.5873155053037094
2025-02-11,1453.2099609375,0.17854199094389234
2025-02-12,1450.75,-0.1692777371215537
2025-02-13,1452.1199951171875,0.09443357692142662
2025-02-14,1438.739990234375,-0.9214117929512211
2025-02-17,1432.5999755859375,-0.4267633269467441
2025-02-18,1441.2900390625,0.6065938590434694
2025-02-19,1440.0799560546875,-0.08395832726351138
2025-02-20,1439.97998046875,-0.0069423635484344715
2025-02-21,1431.699951171875,-0.5750100285546789
2025-02-24,1434.2900390625,0.18090996570230278
2025-02-25,1428.6500244140625,-0.3932269272485467
2025-02-26,1429.5,0.05949501777289257
2025-02-27,1434.4200439453125,0.34417935958814816
2025-02-28,1449.8599853515625,1.0763891282349336
2025-03-03,1459.800048828125,0.6855878206854626
2025-03-04,1457.9300537109375,-0.12809940092060046
2025-03-05,1452.8499755859375,-0.3484445712652273
2025-03-06,1443.030029296875,-0.6759091753504753
2025-03-07,1446.5,0.24046420605783325
2025-03-10,1446.260009765625,-0.01659109812478521
2025-03-11,1457.030029296875,0.7446807253555621
2025-03-12,1451.02001953125,-0.4124835895472412
2025-03-13,1448.75,-0.1564430194411326
2025-03-14,1453.22998046875,0.3092307484900747
2025-03-17,1449.050048828125,-0.28763042992525634
2025-03-18,1442.489990234375,-0.45271442480921964
2025-03-19,1448.93994140625,0.44714009910231667
2025-03-20,1443.3900146484375,-0.3830335957490494
2025-03-21,1465.8199462890625,1.5539758078545463
2025-03-24,1464.780029296875,-0.07094438814400084
2025-03-25,1466.27001953125,0.10172109153414599
2025-03-26,1462.0899658203125,-0.2850807597003069
2025-03-27,1465.6800537109375,0.24554493735347016
2025-03-28,1461.8900146484375,-0.25858570244604584
2025-03-31,1469.4100341796875,0.5144039193029526
2025-04-01,1471.9599609375,0.17353405097957353
2025-04-02,1469.969970703125,-0.13519323128242666
2025-04-03,1466.0400390625,-0.2673477498826182
2025-04-04,1450.6800537109375,-1.047719362520605
2025-04-07,1458.52001953125,0.5404338331017389
2025-04-08,1469.949951171875,0.7836664212739652
2025-04-09,1486.1300048828125,1.1007214019796097
2025-04-10,1443.949951171875,-2.8382479037736386
2025-04-11,1452.0400390625,0.5602748131304125
2025-04-14,1419.050048828125,-2.271975244957758
2025-04-15,1419.4200439453125,0.026073436767992675
2025-04-16,1427.02001953125,0.535428227772039
2025-04-17,1414.22998046875,-0.896276077941871
2025-04-22,1421.6400146484375,0.5239624588662339
2025-04-23,1429.219970703125,0.5331839267736171
2025-04-24,1426.449951171875,-0.19381337988771952
2025-04-25,1430.06005859375,0.2530833569666546
2025-04-28,1437.3599853515625,0.510462949716306
2025-04-29,1435.8800048828125,-0.10296519200706511
2025-04-30,1431.1600341796875,-0.3287162358326934
2025-05-01,1423.75,-0.5177641914752562
2025-05-02,1435.0999755859375,0.7971888032265229
2025-05-05,1398.9000244140625,-2.522468942074574
2025-05-06,1374.3699951171875,-1.75352268702329
2025-05-07,1374.77001953125,0.02910602061190204
2025-05-08,1397.2900390625,1.6380935873862468
2025-05-09,1403.8499755859375,0.4694756521587129
2025-05-12,1395.1700439453125,-0.6182948172223424
2025-05-13,1416.030029296875,1.4951571990876378
2025-05-14,1416.0,-0.0021206680828611546
2025-05-15,1407.3299560546875,-0.6122912390757462
2025-05-16,1397.02001953125,-0.7325884366407132
2025-05-19,1398.1300048828125,0.07945378992741947
2025-05-20,1388.550048828125,-0.6851978014369653
2025-05-21,1392.72998046875,0.30102851850049017
2025-05-22,1373.8599853515625,-1.3548925765808795
2025-05-23,1381.3399658203125,0.5444499838777928
2025-05-26,1364.72998046875,-1.2024545559064181
2025-05-27,1368.0999755859375,0.2469349369777829
2025-05-28,1374.800048828125,0.4897356451832424
2025-05-29,1373.5999755859375,-0.08729074771348655
2025-05-30,1370.4100341796875,-0.23223219736074885
2025-06-02,1381.989990234375,0.844999362662957
2025-06-03,1376.0699462890625,-0.4283709713634454
2025-06-04,1377.719970703125,0.11990846966116742
2025-06-05,1361.0899658203125,-1.2070671280409284
2025-06-06,1354.550048828125,-0.4804911619670893
2025-06-09,1359.18994140625,0.34254124328141344
2025-06-10,1353.8499755859375,-0.39287855638393543
2025-06-11,1363.8800048828125,0.740852345366716
2025-06-12,1365.68994140625,0.13270496795596554
2025-06-13,1349.7900390625,-1.1642395438146047
2025-06-16,1365.1400146484375,1.1372120953417886
2025-06-17,1357.780029296875,-0.5391377640818651
2025-06-18,1380.5,1.6733174897918035
2025-06-19,1370.75,-0.7062658457080762
2025-06-20,1374.8900146484375,0.30202550781961435
2025-06-23,1369.469970703125,-0.39421654732858524
2025-06-24,1361.93994140625,-0.549849902368349
2025-06-25,1353.780029296875,-0.599138909234842
2025-06-26,1357.030029296875,0.2400685436088068
2025-06-27,1352.760009765625,-0.3146591776942764
2025-06-30,1363.5899658203125,0.8005822153601239
2025-07-01,1348.5,-1.1066351468224989
2025-07-02,1355.5899658203125,0.525766838732844
2025-07-03,1354.75,-0.061963118752073054
2025-07-04,1357.0999755859375,0.1734619365888479
2025-07-07,1362.199951171875,0.37579954886783895
2025-07-08,1374.6400146484375,0.9132332933840193
2025-07-09,1370.300048828125,-0.3157165348065649
2025-07-10,1373.0,0.19703357481333228
2025-07-11,1372.6400146484375,-0.02621888940731454
2025-07-14,1378.1700439453125,0.4028754253016187
2025-07-15,1382.010009765625,0.27862786868591005
2025-07-16,1386.449951171875,0.3212669499407683
2025-07-17,1384.9200439453125,-0.11034709368841211
2025-07-18,1391.5799560546875,0.48088784175601695
2025-07-21,1390.5699462890625,-0.07258007426957924
2025-07-22,1381.8199462890625,-0.6292383941815083
2025-07-23,1379.780029296875,-0.14762538329727848
2025-07-24,1373.719970703125,-0.43920468952127756
2025-07-25,1372.0,-0.12520533586219962
2025-07-28,1382.780029296875,0.7857164210550271
2025-07-29,1388.2900390625,0.39847333985774114
2025-07-30,1388.8599853515625,0.04105383407111418
2025-07-31,1392.52001953125,0.26352794509816313
2025-08-01,1391.510009765625,-0.07253107685769589
2025-08-04,1390.1800537109375,-0.0955764633638223
2025-08-05,1383.5899658203125,-0.4740456369686452
2025-08-06,1386.5799560546875,0.21610378133973818
2025-08-07,1384.3900146484375,-0.15793834294858256
2025-08-08,1384.969970703125,0.041892533791121345
2025-08-11,1387.81005859375,0.2050649436957208
2025-08-12,1389.7900390625,0.1426694133314088
2025-08-13,1383.0899658203125,-0.48209247827873947
2025-08-14,1378.780029296875,-0.31161649856097373
2025-08-15,1387.8699951171875,0.6592759995913244
2025-08-18,1387.97998046875,0.007924758943511634
2025-08-19,1386.9100341796875,-0.0770865793540576
2025-08-20,1391.3399658203125,0.31941016586884974
2025-08-21,1396.9100341796875,0.4003384144931843
2025-08-22,1399.6099853515625,0.19328024753293427
2025-08-25,1382.8900146484375,-1.1946164201540155
2025-08-26,1389.050048828125,0.44544642845321114
2025-08-27,1393.949951171875,0.35275203711224723
2025-08-28,1392.75,-0.0860828016720605
2025-08-29,1384.4100341796875,-0.5988128393690562
2025-09-01,1388.8399658203125,0.31998696421251527
2025-09-02,1392.93994140625,0.2952086407965515
2025-09-03,1394.5699462890625,0.11701903537686409
2025-09-04,1389.6300048828125,-0.3542268653784708
2025-09-05,1392.06005859375,0.17487055564422427
2025-09-08,1385.510009765625,-0.47052918354268947
2025-09-09,1385.719970703125,0.015154054176447218
2025-09-10,1387.25,0.11041403236027314
2025-09-11,1387.199951171875,-0.0036077727968986117
2025-09-12,1389.5,0.16580514050494877
2025-09-15,1393.699951171875,0.302263488440091
2025-09-16,1385.010009765625,-0.6235159439406668
2025-09-17,1377.6400146484375,-0.5321257655339751
2025-09-18,1378.68994140625,0.07621198184204481
2025-09-19,1386.75,0.5846172044694065
2025-09-22,1396.22998046875,0.6836113552370682
2025-09-23,1389.3900146484375,-0.4898881929190635
2025-09-24,1391.8499755859375,0.1770533048002676
2025-09-25,1403.6500244140625,0.8477960293929998
2025-09-26,1408.9200439453125,0.375451105303104
2025-09-29,1408.7099609375,-0.01491092476931799
2025-09-30,1399.3299560546875,-0.6658577807294064
2025-10-01,1403.1500244140625,0.2729926807359506
2025-10-02,1401.8199462890625,-0.09479229603801542
2025-10-03,1405.6300048828125,0.27179372100076815
2025-10-06,1406.06005859375,0.03059508614953188
2025-10-07,1409.9200439453125,0.27452492715160925
2025-10-08,1414.5699462890625,0.32979900978913346
2025-10-09,1422.52001953125,0.5620134418268474
2025-10-10,1421.510009765625,-0.07100144474295744
2025-10-13,1429.030029296875,0.5290162910980722
2025-10-14,1426.0699462890625,-0.2071393145789191
2025-10-15,1429.4300537109375,0.23562009918367544
2025-10-16,1420.0899658203125,-0.6534134263077251
2025-10-17,1415.719970703125,-0.3077266386192101
2025-10-20,1419.739990234375,0.2839558397451647
2025-10-21,1419.739990234375,0.0
2025-10-22,1430.739990234375,0.7747897555653083
2025-10-23,1430.4000244140625,-0.023761537570277103
2025-10-24,1435.8399658203125,0.38030909629482856
2025-10-27,1436.969970703125,0.07869991849454028
2025-10-28,1430.969970703125,-0.41754525997952374
2025-10-29,1425.969970703125,-0.3494133421642065
2025-10-30,1424.010009765625,-0.13744756045133144
2025-10-31,1424.02001953125,0.0007029280381765091
2025-11-03,1427.1700439453125,0.22120646977277225
2025-11-04,1428.969970703125,0.12611859150550853
2025-11-05,1439.81005859375,0.7585945200297761
2025-11-06,1439.739990234375,-0.00486650019957402
2025-11-07,1447.9000244140625,0.5667713778207295
2025-11-10,1454.0,0.4212981202487365
2025-11-11,1456.0899658203125,0.14373905229110306
2025-11-12,1459.8399658203125,0.25753903179239757
2025-11-13,1468.02001953125,0.560339071573579
2025-11-14,1468.7099609375,0.04699809246948572
2025-11-17,1446.530029296875,-1.5101641733584525
2025-11-18,1461.68994140625,1.0480191770884995
2025-11-19,1456.550048828125,-0.3516404151471475
2025-11-20,1466.1300048828125,0.6577155424487557
2025-11-21,1473.25,0.4856319080487337
2025-11-24,1467.72998046875,-0.37468315162056953
2025-11-25,1474.8599853515625,0.4857845092552715
2025-11-26,1464.9200439453125,-0.6739583082444711
2025-11-27,1470.5899658203125,0.3870465079943708
2025-11-28,1461.4000244140625,-0.6249152802510594
2025-12-01,1465.6199951171875,0.28876218917657237
2025-12-02,1470.1700439453125,0.3104521528966453
2025-12-03,1467.3599853515625,-0.19113833840669336
2025-12-04,1465.030029296875,-0.15878557940430804
2025-12-05,1472.3800048828125,0.5016945345116985
2025-12-08,1471.81005859375,-0.03870918425762371
2025-12-09,1468.510009765625,-0.22421703186877862
2025-12-10,1467.9300537109375,-0.03949282271354937
2025-12-11,1469.0400390625,0.07561568405500818
2025-12-12,1470.8499755859375,0.12320539095671545
2025-12-15,1472.9100341796875,0.14005905618819092
2025-12-16,1467.47998046875,-0.3686616008398369
2025-12-17,1471.739990234375,0.29029423381055075
2025-12-18,1474.0,0.15356039657963283
2025-12-19,1474.3599853515625,0.02442234406800914
2025-12-22,1473.719970703125,-0.04340965943163688
2025-12-23,1476.8399658203125,0.2117088170895176
2025-12-24,1478.6700439453125,0.12391851299768941
2025-12-26,1446.52001953125,-2.1742527716515747
2025-12-29,1441.3299560546875,-0.35879651898936826
2025-12-30,1434.7099609375,-0.4592976847097696
2025-12-31,1437.9100341796875,0.2230467013762505
2026-01-02,1443.6400146484375,0.3984936701564079
2026-01-05,1440.47998046875,-0.2188935016779081
2026-01-06,1445.56005859375,0.35266565269076455
2026-01-07,1444.9599609375,-0.04151315973919267
2026-01-08,1446.1400146484375,0.08166687955644125
2026-01-09,1450.0799560546875,0.2724453625749135
2026-01-12,1455.239990234375,0.35584480415318254
2026-01-13,1464.9300537109375,0.6658739136904845
2026-01-14,1473.010009765625,0.5515591706388712
2026-01-15,1462.9000244140625,-0.68634872027592
2026-01-16,1468.8399658203125,0.40603877962399615
2026-01-19,1471.5799560546875,0.18654110033320404
2026-01-20,1471.52001953125,-0.0040729369268022175
2026-01-21,1477.780029296875,0.4254111179281983
2026-01-22,1464.8299560546875,-0.876319410565396
2026-01-23,1463.260009765625,-0.10717600924075033
2026-01-26,1444.81005859375,-1.2608798879722105
2026-01-27,1440.97998046875,-0.2650921553472463
2026-01-28,1432.510009765625,-0.5877923925334261
2026-01-29,1429.27001953125,-0.2261757483219995
2026-01-30,1428.760009765625,-0.03568323400446882
2026-02-02,1448.800048828125,1.402617579266341
2026-02-03,1452.5400390625,0.2581439887029413
2026-02-04,1446.6800537109375,-0.40343021148970815
2026-02-05,1460.1099853515625,0.9283276980404542
2026-02-06,1470.6800537109375,0.7239227500269507
2026-02-09,1462.4000244140625,-0.5630068399977373
2026-02-10,1458.5400390625,-0.26394866569487974
2026-02-11,1455.3299560546875,-0.22008878205879157
2026-02-12,1444.18994140625,-0.7654631585154337
2026-02-13,1440.9000244140625,-0.22780362179949387
2026-02-16,1439.52001953125,-0.09577381216115954
2026-02-17,1440.22998046875,0.04931928197366986
2026-02-18,1439.969970703125,-0.01805335044756662
2026-02-19,1440.1600341796875,0.013199127789431664
2026-02-20,1447.75,0.5270223891913339
2026-02-23,1443.43994140625,-0.29770737998618957
2026-02-24,1442.199951171875,-0.08590521841642662
2026-02-25,1439.989990234375,-0.15323540509790678
2026-02-26,1426.9300537109375,-0.9069463407389233
2026-02-27,1432.3199462890625,0.3777264739857289
2026-03-02,1438.5,0.4314715945239245
2026-03-03,1452.27001953125,0.957248490180751
2026-03-04,1483.0699462890625,2.1208126824620255
2026-03-05,1460.75,-1.5049827113624348
2026-03-06,1479.510009765625,1.2842724467311273
2026-03-09,1483.8900146484375,0.2960442885753922
2026-03-10,1464.469970703125,-1.3087252932228566
2026-03-11,1472.780029296875,0.5674447929963522
2026-03-12,1475.3399658203125,0.17381662383484375
2026-03-13,1470.5799560546875,-0.32263816312861904
2026-03-16,1501.75,2.119574921239664
2026-03-17,1488.9100341796875,-0.8550002210962249
2026-03-18,1484.8699951171875,-0.2713420535664479
2026-03-19,1505.25,1.3725110581956468
2026-03-20,1489.8399658203125,-1.0237524783050955
2026-03-23,1504.2099609375,0.9645327986133934
2026-03-24,1485.3599853515625,-1.2531479032481085
2026-03-25,1497.31005859375,0.8045237087330737
2026-03-26,1500.969970703125,0.24443247999097473
2026-03-27,1508.3599853515625,0.4923492669860474
2026-03-30,1507.02001953125,-0.08883594323142452
2026-03-31,1516.1300048828125,0.6045032735793487
2026-04-01,1503.3299560546875,-0.8442579981203124
2026-04-02,1512.0899658203125,0.5827070584434102
2026-04-03,1509.219970703125,-0.18980319835867343
2026-04-06,1509.260009765625,0.0026529639997718846
2026-04-07,1507.8499755859375,-0.0934255310923171
2026-04-08,1499.1300048828125,-0.5783049271686602
2026-04-09,1477.5999755859375,-1.436168259373738
2026-04-10,1473.280029296875,-0.2923623687357879
2026-04-13,1482.1800537109375,0.6040959109660848
2026-04-14,1476.8399658203125,-0.3602860446849876
2026-04-15,1469.4200439453125,-0.5024188163054388
2026-04-16,1474.06005859375,0.3157718358039574
2026-04-17,1477.9200439453125,0.26186079251375727
2026-04-20,1465.1500244140625,-0.8640534772882846
2026-04-21,1469.260009765625,0.2805163487067608
2026-04-22,1485.800048828125,1.1257394166154677
2026-04-23,1477.9599609375,-0.5276677636946281
2026-04-24,1479.949951171875,0.1346443940952735
2026-04-27,1474.68994140625,-0.3554180843385879
2026-04-28,1473.0,-0.11459638794568683
2026-04-29,1471.989990234375,-0.06856821219449749
2026-04-30,1487.3800048828125,1.0455244091698734
2026-05-01,1474.010009765625,-0.8988957141615517
2026-05-04,1471.72998046875,-0.15468207690377822
2026-05-05,1476.050048828125,0.29353675040302285
2026-05-06,1473.9599609375,-0.14160006920390655
2026-05-07,1444.449951171875,-2.0020903245469013
2026-05-08,1454.7900390625,0.7158495095130224
2026-05-11,1460.550048828125,0.3959340943341161
2026-05-12,1474.449951171875,0.9516895607173836
2026-05-13,1492.989990234375,1.2574207112126423
2026-05-14,1489.8399658203125,-0.2109876445700709
2026-05-15,1493.3399658203125,0.23492456104658999
2026-05-18,1497.1500244140625,0.2551367190964493
2026-05-19,1492.3199462890625,-0.32261817761986
2026-05-20,1507.8499755859375,1.0406635209489368
2026-05-21,1499.77001953125,-0.5358594147635731
2026-05-22,1504.4000244140625,0.3087143243641899
2026-05-25,1512.8299560546875,0.5603517351648657
2026-05-26,1514.7900390625,0.12956400023464987
2026-05-27,1505.43994140625,-0.617253706133214
2026-05-28,1503.1099853515625,-0.15476911370579938
2026-05-29,1495.2900390625,-0.5202511037296742
2026-06-01,1506.8399658203125,0.772420497434334
2026-06-02,1511.27001953125,0.2939962976443722
2026-06-03,1516.5999755859375,0.3526805922042131
2026-06-04,1530.1099853515625,0.8908090454376794
2026-06-05,1533.0699462890625,0.19344759303820958
2026-06-08,1554.47998046875,1.3965464675315342
2026-06-09,1528.8800048828125,-1.6468514170390192
2026-06-10,1525.81005859375,-0.20079707231815958
2026-06-11,1525.050048828125,-0.049810247438364375
2026-06-12,1517.3800048828125,-0.5029371954845874
2026-06-15,1509.5,-0.5193165098693275
2026-06-16,1513.31005859375,0.2524053391023573
2026-06-17,1510.9599609375,-0.1552951850748885
2026-06-18,1525.4200439453125,0.9570129839072905
2026-06-19,1537.56005859375,0.7958473272082323
2026-06-22,1531.3299560546875,-0.4051940933455622
2026-06-23,1539.050048828125,0.5041429995484181
2026-06-24,1535.25,-0.2469087234049594
2026-06-25,1542.760009765625,0.48917178085816637
2026-06-26,1546.47998046875,0.24112439261956276
2026-06-29,1535.239990234375,-0.7268112343082556
2026-06-30,1541.72998046875,0.42273457411594606
2026-07-01,1548.6099853515625,0.44625226012149355
2026-07-02,1551.81005859375,0.2066416510585256
2026-07-03,1542.1300048828125,-0.6237911435958532
2026-07-06,1531.0,-0.721729351453626
2026-07-07,1528.760009765625,-0.14630896370836366
2026-07-08,1519.8599853515625,-0.5821727646726504
2026-07-09,1503.3499755859375,-1.0862849160283683
2026-07-10,1505.9100341796875,0.17029026077259868
2026-07-13,1498.47998046875,-0.4933929346572774
2026-07-14,1497.699951171875,-0.05205470256806066
2026-07-15,1487.8800048828125,-0.6556684655947831
2026-07-16,1486.199951171875,-0.11291594116622505
2026-07-17,1478.8499755859375,-0.49454823223092914
2026-07-20,1487.3900146484375,0.5774783922295024
2026-07-21,1475.010009765625,-0.832330778134116
2026-07-22,1479.719970703125,0.31931721861659934
2026-07-23,1475.6300048828125,-0.27640133952974155
2026-07-24,1474.0400390625,-0.10774827125034081
2026-07-27,1458.010009765625,-1.0874894081622233
2026-07-28,1464.43994140625,0.4410073728957853
2026-07-29,1453.1600341796875,-0.7702540000193436
2026-07-30,1442.280029296875,-0.748713467677653
2026-07-31,1420.5999755859375,-1.5031792211327222
2026-08-03,1435.699951171875,1.0629294555428492
2026-08-04,1428.5,-0.5014941433966191
2026-08-05,1428.4300537109375,-0.004896485058625277
2026-08-06,1421.1600341796875,-0.5089517342737993
2026-08-07,1422.300048828125,0.08021719025441687
2026-08-10,1407.0,-1.0757258175397744
2026-08-11,1417.31005859375,0.7327689121357395
2026-08-12,1412.1800537109375,-0.36195360723697556
2026-08-13,1416.4599609375,0.3030709303190937
2026-08-14,1416.8499755859375,0.02753446332357523
2026-08-17,1415.3699951171875,-0.10445569356332118
2026-08-18,1414.72998046875,-0.0452188933385278
2026-08-19,1413.5799560546875,-0.08128932233990582
2026-08-20,1389.4000244140625,-1.710545734399871
2026-08-21,1390.7900390625,0.1000442366498211
2026-08-24,1384.97998046875,-0.417752387532655
2026-08-25,1380.760009765625,-0.30469542972720864
2026-08-26,1381.489990234375,0.05286801932176122
2026-08-27,1383.489990234375,0.14477122629463768
2026-08-28,1380.449951171875,-0.21973697561664673
2026-08-31,1377.1099853515625,-0.24194762131558578
2026-09-01,1366.6199951171875,-0.761739464963429
2026-09-02,1372.8599853515625,0.4566002441549255
2026-09-03,1358.3900146484375,-1.0540019271826573
2026-09-04,1355.4100341796875,-0.2193759109397786
2026-09-07,1345.06005859375,-0.7636047634988485
2026-09-08,1343.5699462890625,-0.11078407206926988
2026-09-09,1339.2099609375,-0.32450750804636774
2026-09-10,1339.1700439453125,-0.0029806373422980315
2026-09-11,1348.1700439453125,0.6720580437630685
2026-09-14,1344.6400146484375,-0.26183857983853587
2026-09-15,1345.6099853515625,0.0721360879163413
2026-09-16,1363.5699462890625,1.334707763245957
2026-09-17,1376.5999755859375,0.9555820244011803
2026-09-18,1379.530029296875,0.212847142445316
2026-09-21,1384.8599853515625,0.38636027788421234
2026-09-22,1373.6800537109375,-0.8072968934680347
2026-09-23,1350.3599853515625,-1.6976346345262017
2026-09-24,1362.5,0.8990206152529767
2026-09-25,1367.3599853515625,0.3566961725917528
2026-09-28,1354.510009765625,-0.9397653671014528
2026-09-29,1359.56005859375,0.37283215271319836
2026-09-30,1350.5,-0.6663963490602387
